{"cameraMode":{"drawMode":0,"name":"Shaded","section":"Shading Mode"},"sceneLighting":true,"audioPlay":false,"sceneViewState":{"m_AlwaysRefresh":false,"showFog":true,"showSkybox":true,"showFlares":true,"showImageEffects":true,"showParticleSystems":true,"showVisualEffectGraphs":true,"m_FxEnabled":true},"in2DMode":false,"pivot":{"x":0.1715017706155777,"y":-12.125840187072754,"z":18.622331619262697},"rotation":{"x":0.22487422823905946,"y":-0.002929010195657611,"z":0.0006808842299506068,"w":0.974411129951477},"size":24.129125595092775,"orthographic":false}